{
  "map50": 0.9941187739463602,
  "map50_95": 0.8603449466521227,
  "precision": 0.9745221780231422,
  "recall": 0.9750996742374192,
  "fitness": 0.8603449466521227,
  "model": "yolo26n.pt",
  "imgsz": 640,
  "epochs_requested": 120,
  "classes": [
    "left-arrow",
    "right-arrow",
    "stop-signal",
    "meta"
  ],
  "augmentation": {
    "hsv_h": 0.015,
    "hsv_s": 0.5,
    "hsv_v": 0.35,
    "degrees": 8.0,
    "translate": 0.08,
    "scale": 0.35,
    "shear": 2.0,
    "fliplr": 0.0,
    "flipud": 0.0,
    "mosaic": 0.7,
    "mixup": 0.05,
    "copy_paste": 0.0,
    "close_mosaic": 10
  },
  "map50_95_per_class": {
    "left-arrow": 0.8145356800685646,
    "right-arrow": 0.8583766757956053,
    "stop-signal": 0.8318007640776536,
    "meta": 0.9366666666666668
  }
}