{
  "map50": 0.9936669362992923,
  "map50_95": 0.8490167574593336,
  "precision": 0.8962702035387455,
  "recall": 0.9735094359496537,
  "fitness": 0.8490167574593336,
  "model": "yolo26n.pt",
  "imgsz": 640,
  "epochs_requested": 120,
  "classes": [
    "left-arrow",
    "right-arrow",
    "stop-signal",
    "meta"
  ],
  "augmentation": {
    "hsv_h": 0.015,
    "hsv_s": 0.5,
    "hsv_v": 0.35,
    "degrees": 8.0,
    "translate": 0.08,
    "scale": 0.35,
    "shear": 2.0,
    "fliplr": 0.0,
    "flipud": 0.0,
    "mosaic": 0.7,
    "mixup": 0.05,
    "copy_paste": 0.0,
    "close_mosaic": 10
  },
  "map50_95_per_class": {
    "left-arrow": 0.8165350629611143,
    "right-arrow": 0.8655884667602038,
    "stop-signal": 0.7935588847314006,
    "meta": 0.9203846153846154
  }
}