{
  "kept": 520,
  "skipped": [],
  "source_counts": {
    "left-arrow": 177,
    "right-arrow": 148,
    "stop-signal": 195
  },
  "fallback_norm_xyxy": {
    "left-arrow": [
      0.336,
      0.34199999999999997,
      0.696,
      0.6
    ],
    "right-arrow": [
      0.492,
      0.364,
      0.68,
      0.596
    ],
    "stop-signal": [
      0.198,
      0.348,
      0.662,
      0.71
    ]
  },
  "by_class": {
    "left-arrow": {
      "count": 177,
      "train": 142,
      "val": 35,
      "detected": 148,
      "fallback_median": 29,
      "area_ratio_min": 0.001584,
      "area_ratio_mean": 0.14949920903954803,
      "area_ratio_max": 0.932
    },
    "right-arrow": {
      "count": 148,
      "train": 118,
      "val": 30,
      "detected": 113,
      "fallback_median": 35,
      "area_ratio_min": 0.001344,
      "area_ratio_mean": 0.11810702702702702,
      "area_ratio_max": 0.579824
    },
    "stop-signal": {
      "count": 195,
      "train": 156,
      "val": 39,
      "detected": 136,
      "fallback_median": 59,
      "area_ratio_min": 0.00224,
      "area_ratio_mean": 0.2103715282051282,
      "area_ratio_max": 0.984
    }
  }
}